{
  "generatedAt": "2026-06-12T17:57:35.182Z",
  "engine": "binary",
  "sourceDbPath": "range-db/range.db",
  "binaryDir": "range-db/binary",
  "metaDbPath": "range-db\\binary\\meta.db",
  "options": {
    "seed": 42,
    "requestedDimensions": [],
    "handIterations": 1000,
    "batchIterations": 200,
    "batchSize": 20,
    "warmupIterations": 20,
    "verifyChecksums": false,
    "packCacheSize": 1024
  },
  "workload": {
    "dimensions": [
      "default:6max:100BB",
      "default:6max:200BB",
      "default:6max:300BB",
      "default:8max:100BB",
      "default:8max:200BB",
      "default:8max:300BB",
      "default:9max:100BB",
      "default:9max:200BB",
      "default:9max:300BB"
    ],
    "handQueries": 1000,
    "batchQueries": 200,
    "batchSize": 20
  },
  "coldStart": {
    "operation": "open meta.db/ranges file and run first hand query",
    "totalMs": 230.33230000000003,
    "resultCount": 3,
    "memoryBefore": {
      "rssBytes": 157863936,
      "heapTotalBytes": 2940928,
      "heapUsedBytes": 644477,
      "externalBytes": 169085,
      "arrayBuffersBytes": 0
    },
    "memoryAfter": {
      "rssBytes": 370753536,
      "heapTotalBytes": 35597312,
      "heapUsedBytes": 146686912,
      "externalBytes": 109414096,
      "arrayBuffersBytes": 108969182
    }
  },
  "cases": [
    {
      "name": "hand-strategy",
      "description": "Single concrete_line_id + hand query through PreflopQueryService.",
      "iterations": 1000,
      "warmupIterations": 20,
      "totalMs": 362.45989999999983,
      "avgMs": 0.3617274999999927,
      "p50Ms": 0.43109999999978754,
      "p95Ms": 0.6114999999999782,
      "p99Ms": 0.9005000000001928,
      "maxMs": 2.1864999999997963,
      "qps": 2758.9258839391623,
      "resultCount": 3380,
      "errorCount": 0,
      "firstError": null
    },
    {
      "name": "batch-hand-strategy",
      "description": "Run a batch of concrete_line_id + hand lookups through the SDK batch API.",
      "iterations": 200,
      "warmupIterations": 20,
      "totalMs": 709.2511000000004,
      "avgMs": 3.544733500000025,
      "p50Ms": 3.730600000000777,
      "p95Ms": 6.099600000000464,
      "p99Ms": 6.776900000000751,
      "maxMs": 7.5875999999998385,
      "qps": 281.9875781651941,
      "resultCount": 13489,
      "errorCount": 0,
      "firstError": null
    }
  ],
  "totals": {
    "iterations": 1200,
    "totalMs": 1071.7110000000002,
    "avgQps": 1119.704845802646,
    "errorCount": 0,
    "resultCount": 16869
  },
  "memory": {
    "before": {
      "rssBytes": 370757632,
      "heapTotalBytes": 35597312,
      "heapUsedBytes": 146686912,
      "externalBytes": 109414096,
      "arrayBuffersBytes": 108969182
    },
    "after": {
      "rssBytes": 644993024,
      "heapTotalBytes": 83143680,
      "heapUsedBytes": 337780352,
      "externalBytes": 273024741,
      "arrayBuffersBytes": 272537800
    },
    "deltaRssBytes": 274235392,
    "deltaHeapUsedBytes": 191093440
  },
  "notes": [
    "Cold start includes opening meta.db/ranges file and running the first hand query, but it does not flush the operating-system file cache.",
    "Hot measurements run after the service is opened; pack cache behavior is controlled by --pack-cache-size.",
    "Result counts sum decoded action entries so work is consumed rather than only requested."
  ]
}
