{
  "generatedAt": "2026-06-15T15:50:11.708Z",
  "engine": "sqlite",
  "sourceDbPath": "range-db/range.db",
  "options": {
    "seed": 42,
    "requestedDimensions": [],
    "handIterations": 1000,
    "batchIterations": 200,
    "batchSize": 20,
    "batchSizes": [
      1,
      5,
      10,
      50,
      100
    ],
    "warmupIterations": 20,
    "workloadMode": "random"
  },
  "workload": {
    "dimensions": [
      "default:6max:100BB",
      "default:6max:200BB",
      "default:6max:300BB",
      "default:8max:100BB",
      "default:8max:200BB",
      "default:8max:300BB",
      "default:9max:100BB",
      "default:9max:200BB",
      "default:9max:300BB"
    ],
    "handQueries": 1000,
    "batchQueries": 200,
    "batchSize": 20
  },
  "workloadSource": "generated",
  "coldStart": {
    "operation": "open SQLite and run first hand query",
    "totalMs": 12.567999999999302,
    "resultCount": 4,
    "memoryBefore": {
      "rssBytes": 150523904,
      "heapTotalBytes": 15735808,
      "heapUsedBytes": 269214,
      "externalBytes": 50606,
      "arrayBuffersBytes": 0
    },
    "memoryAfter": {
      "rssBytes": 150716416,
      "heapTotalBytes": 15736832,
      "heapUsedBytes": 269214,
      "externalBytes": 50606,
      "arrayBuffersBytes": 0
    }
  },
  "cases": [
    {
      "name": "hand-strategy",
      "description": "Single concrete_line_id + hand query from old SQLite range rows.",
      "iterations": 1000,
      "warmupIterations": 20,
      "totalMs": 48.23090000000229,
      "avgMs": 0.04823090000000229,
      "p50Ms": 0.0385999999998603,
      "p95Ms": 0.08722499999821591,
      "p99Ms": 0.2369739999987722,
      "maxMs": 0.5014999999984866,
      "qps": 20733.596097106885,
      "resultCount": 3371,
      "errorCount": 0,
      "firstError": null
    },
    {
      "name": "batch-hand-strategy",
      "description": "Run a batch of concrete_line_id + hand lookups.",
      "iterations": 200,
      "warmupIterations": 20,
      "totalMs": 173.09330000000045,
      "avgMs": 0.8654665000000022,
      "p50Ms": 0.7791500000002998,
      "p95Ms": 1.3747550000007311,
      "p99Ms": 1.6866889999998953,
      "maxMs": 2.1510999999991327,
      "qps": 1155.4462246661164,
      "resultCount": 13415,
      "errorCount": 0,
      "firstError": null
    },
    {
      "name": "batch-size-1",
      "description": "Run 1 lookups per batch.",
      "iterations": 200,
      "warmupIterations": 20,
      "totalMs": 8.396700000001147,
      "avgMs": 0.04198350000000573,
      "p50Ms": 0.03665000000000873,
      "p95Ms": 0.07099499999894758,
      "p99Ms": 0.18069600000057018,
      "maxMs": 0.343300000000454,
      "qps": 23818.88122714551,
      "resultCount": 680,
      "errorCount": 0,
      "firstError": null
    },
    {
      "name": "batch-size-5",
      "description": "Run 5 lookups per batch.",
      "iterations": 200,
      "warmupIterations": 20,
      "totalMs": 42.46870000000126,
      "avgMs": 0.21234350000000632,
      "p50Ms": 0.18760000000111177,
      "p95Ms": 0.40022499999886346,
      "p99Ms": 0.6478800000002227,
      "maxMs": 0.6909000000014203,
      "qps": 4709.350651185321,
      "resultCount": 3374,
      "errorCount": 0,
      "firstError": null
    },
    {
      "name": "batch-size-10",
      "description": "Run 10 lookups per batch.",
      "iterations": 200,
      "warmupIterations": 20,
      "totalMs": 85.72570000000269,
      "avgMs": 0.42862850000001346,
      "p50Ms": 0.35609999999905995,
      "p95Ms": 0.7629750000003696,
      "p99Ms": 1.148201999999727,
      "maxMs": 1.427800000001298,
      "qps": 2333.022652483371,
      "resultCount": 6763,
      "errorCount": 0,
      "firstError": null
    },
    {
      "name": "batch-size-20",
      "description": "Run 20 lookups per batch.",
      "iterations": 200,
      "warmupIterations": 20,
      "totalMs": 169.72129999999743,
      "avgMs": 0.8486064999999872,
      "p50Ms": 0.735899999999674,
      "p95Ms": 1.319394999998439,
      "p99Ms": 1.8295110000024202,
      "maxMs": 2.08270000000266,
      "qps": 1178.4024751165766,
      "resultCount": 13415,
      "errorCount": 0,
      "firstError": null
    },
    {
      "name": "batch-size-50",
      "description": "Run 50 lookups per batch.",
      "iterations": 200,
      "warmupIterations": 20,
      "totalMs": 404.0402000000031,
      "avgMs": 2.0202010000000157,
      "p50Ms": 1.9071999999996478,
      "p95Ms": 2.993600000000151,
      "p99Ms": 3.8473440000013563,
      "maxMs": 4.757300000001123,
      "qps": 495.0002499751225,
      "resultCount": 33512,
      "errorCount": 0,
      "firstError": null
    },
    {
      "name": "batch-size-100",
      "description": "Run 100 lookups per batch.",
      "iterations": 200,
      "warmupIterations": 20,
      "totalMs": 808.0169000000024,
      "avgMs": 4.040084500000011,
      "p50Ms": 3.834150000000591,
      "p95Ms": 6.091109999999752,
      "p99Ms": 7.1495919999989175,
      "maxMs": 13.64969999999812,
      "qps": 247.51957539501885,
      "resultCount": 67455,
      "errorCount": 0,
      "firstError": null
    }
  ],
  "totals": {
    "iterations": 2400,
    "totalMs": 1739.6937000000107,
    "avgQps": 1379.5531937604792,
    "errorCount": 0,
    "resultCount": 141985
  },
  "memory": {
    "before": {
      "rssBytes": 150724608,
      "heapTotalBytes": 15736832,
      "heapUsedBytes": 269214,
      "externalBytes": 50606,
      "arrayBuffersBytes": 0
    },
    "after": {
      "rssBytes": 219619328,
      "heapTotalBytes": 32628736,
      "heapUsedBytes": 3333863,
      "externalBytes": 408839,
      "arrayBuffersBytes": 0
    },
    "deltaRssBytes": 68894720,
    "deltaHeapUsedBytes": 3064649
  },
  "notes": [
    "Cold start includes opening the SQLite connection and running the first hand query, but it does not flush the operating-system file cache.",
    "SQLite measurements use the old row-store tables and consume all returned rows so each query is materialized.",
    "Drill random resolves drill_name/player/depth through drill_scenario_lines and concrete_lines before querying the selected hand."
  ]
}
