{
  "generatedAt": "2026-06-14T15:29:49.331Z",
  "engine": "sqlite",
  "sourceDbPath": "range-db/range.db",
  "options": {
    "seed": 42,
    "requestedDimensions": [],
    "handIterations": 10,
    "batchIterations": 5,
    "batchSize": 20,
    "batchSizes": [
      1,
      5,
      10,
      50,
      100
    ],
    "warmupIterations": 20
  },
  "workload": {
    "dimensions": [
      "default:6max:100BB",
      "default:6max:200BB",
      "default:6max:300BB",
      "default:8max:100BB",
      "default:8max:200BB",
      "default:8max:300BB",
      "default:9max:100BB",
      "default:9max:200BB",
      "default:9max:300BB"
    ],
    "handQueries": 10,
    "batchQueries": 5,
    "batchSize": 20
  },
  "workloadSource": "generated",
  "coldStart": {
    "operation": "open SQLite and run first hand query",
    "totalMs": 14.233799999999974,
    "resultCount": 4,
    "memoryBefore": {
      "rssBytes": 153591808,
      "heapTotalBytes": 1793024,
      "heapUsedBytes": 244682,
      "externalBytes": 41450,
      "arrayBuffersBytes": 0
    },
    "memoryAfter": {
      "rssBytes": 153632768,
      "heapTotalBytes": 1793024,
      "heapUsedBytes": 244682,
      "externalBytes": 41450,
      "arrayBuffersBytes": 0
    }
  },
  "cases": [
    {
      "name": "hand-strategy",
      "description": "Single concrete_line_id + hand query from old SQLite range rows.",
      "iterations": 10,
      "warmupIterations": 10,
      "totalMs": 0.1325000000001637,
      "avgMs": 0.01325000000001637,
      "p50Ms": 0.012199999999893407,
      "p95Ms": 0.015730000000144174,
      "p99Ms": 0.015946000000089954,
      "maxMs": 0.016000000000076398,
      "qps": 75471.6981131143,
      "resultCount": 34,
      "errorCount": 0,
      "firstError": null
    },
    {
      "name": "batch-hand-strategy",
      "description": "Run a batch of concrete_line_id + hand lookups.",
      "iterations": 5,
      "warmupIterations": 5,
      "totalMs": 0.18249999999989086,
      "avgMs": 0.036499999999978175,
      "p50Ms": 0.025200000000040745,
      "p95Ms": 0.06787999999996827,
      "p99Ms": 0.07469599999993079,
      "maxMs": 0.07639999999992142,
      "qps": 27397.260273988984,
      "resultCount": 16,
      "errorCount": 0,
      "firstError": null
    },
    {
      "name": "batch-size-1",
      "description": "Run 1 lookups per batch.",
      "iterations": 5,
      "warmupIterations": 5,
      "totalMs": 0.1754000000000815,
      "avgMs": 0.0350800000000163,
      "p50Ms": 0.036200000000008004,
      "p95Ms": 0.049399999999877764,
      "p99Ms": 0.05099999999983992,
      "maxMs": 0.05139999999983047,
      "qps": 28506.27137969029,
      "resultCount": 16,
      "errorCount": 0,
      "firstError": null
    },
    {
      "name": "batch-size-5",
      "description": "Run 5 lookups per batch.",
      "iterations": 5,
      "warmupIterations": 5,
      "totalMs": 0.4157000000000153,
      "avgMs": 0.08314000000000306,
      "p50Ms": 0.08429999999998472,
      "p95Ms": 0.090559999999914,
      "p99Ms": 0.0909119999998984,
      "maxMs": 0.0909999999998945,
      "qps": 12027.904738994026,
      "resultCount": 85,
      "errorCount": 0,
      "firstError": null
    },
    {
      "name": "batch-size-10",
      "description": "Run 10 lookups per batch.",
      "iterations": 5,
      "warmupIterations": 5,
      "totalMs": 1.5090000000000146,
      "avgMs": 0.3018000000000029,
      "p50Ms": 0.24719999999979336,
      "p95Ms": 0.47512000000006077,
      "p99Ms": 0.5115840000000389,
      "maxMs": 0.5207000000000335,
      "qps": 3313.4526176275363,
      "resultCount": 163,
      "errorCount": 0,
      "firstError": null
    },
    {
      "name": "batch-size-50",
      "description": "Run 50 lookups per batch.",
      "iterations": 5,
      "warmupIterations": 5,
      "totalMs": 9.281099999999697,
      "avgMs": 1.8562199999999394,
      "p50Ms": 1.7215000000001055,
      "p95Ms": 2.254340000000229,
      "p99Ms": 2.3486280000002444,
      "maxMs": 2.372200000000248,
      "qps": 538.7292454558365,
      "resultCount": 863,
      "errorCount": 0,
      "firstError": null
    },
    {
      "name": "batch-size-100",
      "description": "Run 100 lookups per batch.",
      "iterations": 5,
      "warmupIterations": 5,
      "totalMs": 20.985400000000027,
      "avgMs": 4.197080000000005,
      "p50Ms": 4.207799999999679,
      "p95Ms": 4.877360000000135,
      "p99Ms": 4.961152000000166,
      "maxMs": 4.982100000000173,
      "qps": 238.26088613988745,
      "resultCount": 1669,
      "errorCount": 0,
      "firstError": null
    }
  ],
  "totals": {
    "iterations": 40,
    "totalMs": 32.68159999999989,
    "avgQps": 1223.9302849309745,
    "errorCount": 0,
    "resultCount": 2846
  },
  "memory": {
    "before": {
      "rssBytes": 153632768,
      "heapTotalBytes": 1793024,
      "heapUsedBytes": 244682,
      "externalBytes": 41450,
      "arrayBuffersBytes": 0
    },
    "after": {
      "rssBytes": 155144192,
      "heapTotalBytes": 2464768,
      "heapUsedBytes": 244682,
      "externalBytes": 41450,
      "arrayBuffersBytes": 0
    },
    "deltaRssBytes": 1511424,
    "deltaHeapUsedBytes": 0
  },
  "notes": [
    "Cold start includes opening the SQLite connection and running the first hand query, but it does not flush the operating-system file cache.",
    "SQLite measurements use the old row-store tables and consume all returned rows so each query is materialized.",
    "Drill random resolves drill_name/player/depth through drill_scenario_lines and concrete_lines before querying the selected hand."
  ]
}
