{
  "generatedAt": "2026-06-16T15:15:17.180Z",
  "engine": "sqlite",
  "sourceDbPath": "range-db/range.db",
  "options": {
    "seed": 42,
    "requestedDimensions": [],
    "handIterations": 1000,
    "batchIterations": 200,
    "batchSize": 20,
    "batchSizes": [
      1,
      5,
      10,
      50,
      100
    ],
    "warmupIterations": 20,
    "workloadMode": "random"
  },
  "workload": {
    "dimensions": [
      "default:6max:100BB",
      "default:6max:200BB",
      "default:6max:300BB",
      "default:8max:100BB",
      "default:8max:200BB",
      "default:8max:300BB",
      "default:9max:100BB",
      "default:9max:200BB",
      "default:9max:300BB"
    ],
    "handQueries": 1000,
    "batchQueries": 200,
    "batchSize": 20
  },
  "workloadSource": "generated",
  "coldStart": {
    "operation": "open SQLite and run first hand query",
    "totalMs": 14.339399999999841,
    "resultCount": 4,
    "memoryBefore": {
      "rssBytes": 185954304,
      "heapTotalBytes": 15735808,
      "heapUsedBytes": 244682,
      "externalBytes": 41450,
      "arrayBuffersBytes": 0
    },
    "memoryAfter": {
      "rssBytes": 186150912,
      "heapTotalBytes": 15736832,
      "heapUsedBytes": 244682,
      "externalBytes": 41450,
      "arrayBuffersBytes": 0
    }
  },
  "cases": [
    {
      "name": "hand-strategy",
      "description": "Single concrete_line_id + hand query from old SQLite range rows.",
      "iterations": 1000,
      "warmupIterations": 20,
      "totalMs": 46.52170000000024,
      "avgMs": 0.046521700000000235,
      "p50Ms": 0.03759999999988395,
      "p95Ms": 0.08181499999993773,
      "p99Ms": 0.24043399999968185,
      "maxMs": 0.4924999999998363,
      "qps": 21495.345183000514,
      "resultCount": 3371,
      "errorCount": 0,
      "firstError": null
    },
    {
      "name": "batch-hand-strategy",
      "description": "Run a batch of concrete_line_id + hand lookups.",
      "iterations": 200,
      "warmupIterations": 20,
      "totalMs": 172.21810000000005,
      "avgMs": 0.8610905000000002,
      "p50Ms": 0.7863499999998567,
      "p95Ms": 1.3667949999997968,
      "p99Ms": 1.6481160000000343,
      "maxMs": 2.1170999999999367,
      "qps": 1161.3181192917582,
      "resultCount": 13415,
      "errorCount": 0,
      "firstError": null
    },
    {
      "name": "batch-size-1",
      "description": "Run 1 lookups per batch.",
      "iterations": 200,
      "warmupIterations": 20,
      "totalMs": 8.277399999999943,
      "avgMs": 0.041386999999999716,
      "p50Ms": 0.03449999999975262,
      "p95Ms": 0.07250999999978375,
      "p99Ms": 0.13260999999985723,
      "maxMs": 0.30900000000019645,
      "qps": 24162.176528861884,
      "resultCount": 680,
      "errorCount": 0,
      "firstError": null
    },
    {
      "name": "batch-size-5",
      "description": "Run 5 lookups per batch.",
      "iterations": 200,
      "warmupIterations": 20,
      "totalMs": 39.95959999999968,
      "avgMs": 0.19979799999999842,
      "p50Ms": 0.16904999999997017,
      "p95Ms": 0.4305449999997789,
      "p99Ms": 0.53525000000031,
      "maxMs": 0.5931000000000495,
      "qps": 5005.055105656754,
      "resultCount": 3374,
      "errorCount": 0,
      "firstError": null
    },
    {
      "name": "batch-size-10",
      "description": "Run 10 lookups per batch.",
      "iterations": 200,
      "warmupIterations": 20,
      "totalMs": 81.20210000000043,
      "avgMs": 0.40601050000000216,
      "p50Ms": 0.3320000000001073,
      "p95Ms": 0.7379299999998914,
      "p99Ms": 1.073367000000416,
      "maxMs": 1.2240999999999076,
      "qps": 2462.990489162213,
      "resultCount": 6763,
      "errorCount": 0,
      "firstError": null
    },
    {
      "name": "batch-size-20",
      "description": "Run 20 lookups per batch.",
      "iterations": 200,
      "warmupIterations": 20,
      "totalMs": 154.4023000000002,
      "avgMs": 0.772011500000001,
      "p50Ms": 0.6827499999999418,
      "p95Ms": 1.3430250000001018,
      "p99Ms": 1.6547830000000912,
      "maxMs": 1.9441000000001623,
      "qps": 1295.3174920321767,
      "resultCount": 13415,
      "errorCount": 0,
      "firstError": null
    },
    {
      "name": "batch-size-50",
      "description": "Run 50 lookups per batch.",
      "iterations": 200,
      "warmupIterations": 20,
      "totalMs": 434.27139999999963,
      "avgMs": 2.171356999999998,
      "p50Ms": 2.0387500000001637,
      "p95Ms": 3.2843050000001535,
      "p99Ms": 3.7578900000000055,
      "maxMs": 4.446899999999914,
      "qps": 460.54149547955535,
      "resultCount": 33512,
      "errorCount": 0,
      "firstError": null
    },
    {
      "name": "batch-size-100",
      "description": "Run 100 lookups per batch.",
      "iterations": 200,
      "warmupIterations": 20,
      "totalMs": 776.0546000000004,
      "avgMs": 3.880273000000002,
      "p50Ms": 3.681500000000142,
      "p95Ms": 5.417564999999876,
      "p99Ms": 6.031814999999951,
      "maxMs": 7.749700000000303,
      "qps": 257.7138258055553,
      "resultCount": 67455,
      "errorCount": 0,
      "firstError": null
    }
  ],
  "totals": {
    "iterations": 2400,
    "totalMs": 1712.9072000000006,
    "avgQps": 1401.1266926778048,
    "errorCount": 0,
    "resultCount": 141985
  },
  "memory": {
    "before": {
      "rssBytes": 186159104,
      "heapTotalBytes": 15736832,
      "heapUsedBytes": 244682,
      "externalBytes": 41450,
      "arrayBuffersBytes": 0
    },
    "after": {
      "rssBytes": 219389952,
      "heapTotalBytes": 32595968,
      "heapUsedBytes": 3490001,
      "externalBytes": 541553,
      "arrayBuffersBytes": 0
    },
    "deltaRssBytes": 33230848,
    "deltaHeapUsedBytes": 3245319
  },
  "notes": [
    "Cold start includes opening the SQLite connection and running the first hand query, but it does not flush the operating-system file cache.",
    "SQLite measurements use the old row-store tables and consume all returned rows so each query is materialized.",
    "Drill random resolves drill_name/player/depth through drill_scenario_lines and concrete_lines before querying the selected hand."
  ]
}
