{
  "generatedAt": "2026-06-12T17:57:30.166Z",
  "engine": "sqlite",
  "sourceDbPath": "range-db/range.db",
  "options": {
    "seed": 42,
    "requestedDimensions": [],
    "handIterations": 1000,
    "batchIterations": 200,
    "batchSize": 20,
    "warmupIterations": 20
  },
  "workload": {
    "dimensions": [
      "default:6max:100BB",
      "default:6max:200BB",
      "default:6max:300BB",
      "default:8max:100BB",
      "default:8max:200BB",
      "default:8max:300BB",
      "default:9max:100BB",
      "default:9max:200BB",
      "default:9max:300BB"
    ],
    "handQueries": 1000,
    "batchQueries": 200,
    "batchSize": 20
  },
  "coldStart": {
    "operation": "open SQLite and run first hand query",
    "totalMs": 15.021900000000187,
    "resultCount": 3,
    "memoryBefore": {
      "rssBytes": 155766784,
      "heapTotalBytes": 2776064,
      "heapUsedBytes": 244682,
      "externalBytes": 41450,
      "arrayBuffersBytes": 0
    },
    "memoryAfter": {
      "rssBytes": 155967488,
      "heapTotalBytes": 2777088,
      "heapUsedBytes": 244682,
      "externalBytes": 41450,
      "arrayBuffersBytes": 0
    }
  },
  "cases": [
    {
      "name": "hand-strategy",
      "description": "Single concrete_line_id + hand query from old SQLite range rows.",
      "iterations": 1000,
      "warmupIterations": 20,
      "totalMs": 59.52759999999989,
      "avgMs": 0.05921610000000737,
      "p50Ms": 0.054099999999834836,
      "p95Ms": 0.1046000000001186,
      "p99Ms": 0.1538999999997941,
      "maxMs": 0.4295999999999367,
      "qps": 16798.930244122083,
      "resultCount": 3380,
      "errorCount": 0,
      "firstError": null
    },
    {
      "name": "batch-hand-strategy",
      "description": "Run a batch of concrete_line_id + hand lookups.",
      "iterations": 200,
      "warmupIterations": 20,
      "totalMs": 186.56939999999986,
      "avgMs": 0.9320475000000215,
      "p50Ms": 0.876299999999901,
      "p95Ms": 1.2791000000001986,
      "p99Ms": 1.5702000000001135,
      "maxMs": 2.056800000000294,
      "qps": 1071.9871533059556,
      "resultCount": 13489,
      "errorCount": 0,
      "firstError": null
    }
  ],
  "totals": {
    "iterations": 1200,
    "totalMs": 246.09699999999975,
    "avgQps": 4876.126080366689,
    "errorCount": 0,
    "resultCount": 16869
  },
  "memory": {
    "before": {
      "rssBytes": 155975680,
      "heapTotalBytes": 2777088,
      "heapUsedBytes": 244682,
      "externalBytes": 41450,
      "arrayBuffersBytes": 0
    },
    "after": {
      "rssBytes": 163250176,
      "heapTotalBytes": 5070848,
      "heapUsedBytes": 244682,
      "externalBytes": 41450,
      "arrayBuffersBytes": 0
    },
    "deltaRssBytes": 7274496,
    "deltaHeapUsedBytes": 0
  },
  "notes": [
    "Cold start includes opening the SQLite connection and running the first hand query, but it does not flush the operating-system file cache.",
    "SQLite measurements use the old row-store tables and consume all returned rows so each query is materialized.",
    "Drill random resolves drill_name/player/depth through drill_scenario_lines and concrete_lines before querying the selected hand."
  ]
}
